guid,link,published_at,title,description,categories,source,fetched_at
https://therecursive.com/?p=43597,https://therecursive.com/cee-startup-tech-weekly-cee-companies-ces-2026/,"Fri, 09 Jan 2026 11:29:59 +0000",CEE Startup & Tech Weekly: CEE-Rooted Companies Take the Stage at CES 2026,"The Recursive’s weekly roundup aims to cover key tech developments across Central and Eastern Europe, […] The post CEE Startup & Tech Weekly: CEE-Rooted Companies Take the Stage at CES 2026 appeared first on TheRecursive.com .",Deals|News,TheRecursive.com,2026-01-16T20:02:26.529004+00:00
https://therecursive.com/?p=43472,https://therecursive.com/cleantech-for-see-eu-funding-suzana-carp-eib-eic/,"Fri, 09 Jan 2026 10:12:27 +0000",Regional Cleantech Is Done Waiting.,The cleantech narrative in Europe has long been dominated by the established hubs of the […] The post Regional Cleantech Is Done Waiting. appeared first on TheRecursive.com .,Analysis|CleanTech|Ecosystem,TheRecursive.com,2026-01-16T20:02:26.529183+00:00
https://therecursive.com/?p=43419,https://therecursive.com/compliance-changes-fintech-regulation-2026/,"Thu, 08 Jan 2026 14:42:49 +0000",What Compliance Changes Are Coming to FinTech in 2026?,"If you work in fintech, you’ve no doubt often felt how hard it can be […] The post What Compliance Changes Are Coming to FinTech in 2026? appeared first on TheRecursive.com .",Fintech|Guest Article|Legal|DORA|ESMA|mica,TheRecursive.com,2026-01-16T20:02:26.529355+00:00
https://therecursive.com/?p=43559,https://therecursive.com/cee-founders-stop-hiring-fundraising-consultants-you-re-hurting-your-company/,"Wed, 07 Jan 2026 10:41:01 +0000","CEE Founders, Stop Hiring “Fundraising Consultants.”","I’ve noticed a new trend in the CEE ecosystem: first-time founders outsourcing one of their […] The post CEE Founders, Stop Hiring “Fundraising Consultants.” appeared first on TheRecursive.com .",Founder's School|Investors|Startups|fundraising,TheRecursive.com,2026-01-16T20:02:26.529512+00:00
https://therecursive.com/?p=43563,https://therecursive.com/cee-robotics-ai-startups-market-growth/,"Tue, 06 Jan 2026 15:32:35 +0000",10 CEE-Founded Robotics Startups You Should Know,The robotics and AI robotics market in Eastern Europe was valued at around $954 million […] The post 10 CEE-Founded Robotics Startups You Should Know appeared first on TheRecursive.com .,Deep Tech|Listicle,TheRecursive.com,2026-01-16T20:02:26.529663+00:00
https://therecursive.com/?p=43506,https://therecursive.com/states-of-emergency-abuse-democracy/,"Tue, 30 Dec 2025 08:21:40 +0000",Why Emergency Powers Are Democracy’s Stress Test,"States of emergency are no longer exceptional. Between 1985 and 2014, at least 137 countries […] The post Why Emergency Powers Are Democracy’s Stress Test appeared first on TheRecursive.com .",Ecosystem|Interview,TheRecursive.com,2026-01-16T20:02:26.529806+00:00
https://therecursive.com/?p=43450,https://therecursive.com/ai-agency-reality-check-clients-pricing-productive-report/,"Mon, 29 Dec 2025 11:07:10 +0000",The Agency AI Reality Check: Why Your Clients Want a Discount (and Why You Shouldn’t Give Them One),"If you’ve spent any time on LinkedIn lately, you’d think the average IT agency is […] The post The Agency AI Reality Check: Why Your Clients Want a Discount (and Why You Shouldn’t Give Them One) appeared first on TheRecursive.com .",AI|Analysis|agencies|Productive|report,TheRecursive.com,2026-01-16T20:02:26.529997+00:00
https://therecursive.com/?p=43487,https://therecursive.com/europe-drone-wall-ai-air-defense/,"Tue, 23 Dec 2025 09:52:10 +0000",The Drone Wall Test: Can Europe’s Defense Tech Move Faster Than Its Institutions?,"Last week, key parts of Europe’s defense-technology plans were left in doubt. Several proposed EU […] The post The Drone Wall Test: Can Europe’s Defense Tech Move Faster Than Its Institutions? appeared first on TheRecursive.com .",Analysis|Defense Tech|defense|defense tech|Orbotix|Orqa,TheRecursive.com,2026-01-16T20:02:26.530156+00:00
https://therecursive.com/?p=43462,https://therecursive.com/unlockit-2026-tanja-kuzman-program-interview/,"Mon, 22 Dec 2025 11:13:07 +0000",What It Takes to Win From CEE? Learn This February at Unlockit,"Central and Eastern Europe (CEE) has long been known for its engineering talent. Yet, despite […] The post What It Takes to Win From CEE? Learn This February at Unlockit appeared first on TheRecursive.com .",Ecosystem|Events|Interview|Digital Serbia Initiative|growth|scaling|Tanja Kuzman,TheRecursive.com,2026-01-16T20:02:26.530317+00:00
https://therecursive.com/?p=43446,https://therecursive.com/cee-tech-startup-funding-weekly-roundup/,"Fri, 19 Dec 2025 11:08:32 +0000",CEE Startup & Tech Weekly: CEE HealthTech Startups Land Major Deals,"The Recursive’s weekly roundup aims to cover key tech developments across Central and Eastern Europe, […] The post CEE Startup & Tech Weekly: CEE HealthTech Startups Land Major Deals appeared first on TheRecursive.com .",Deals|News|CEE Startup & Tech Weekly,TheRecursive.com,2026-01-16T20:02:26.530459+00:00
https://therecursive.com/?p=43437,https://therecursive.com/slovenian-katalist-funding-generation-video-production-operating-system/,"Thu, 18 Dec 2025 12:21:50 +0000",Slovenian Katalist Raises €1.28M to Build NextGen Video Production OS,"The newest funding secured by Katalist, Slovenian-founded startup based in San Francisco, USA (HQ) with […] The post Slovenian Katalist Raises €1.28M to Build NextGen Video Production OS appeared first on TheRecursive.com .",AI|Deals|News|SaaS|Katalist,TheRecursive.com,2026-01-16T20:02:26.530607+00:00
https://therecursive.com/?p=43426,https://therecursive.com/glycanage-investment-glycan-diagnostics-hospital-expansion-lauc-interview/,"Thu, 18 Dec 2025 09:55:31 +0000",GlycanAge Founders on Boosting Transition From “Wellness” Biomarker to Hospital Diagnostic,"Glycans, sugar molecules that shape immune response, inflammation and ageing, are well studied in research […] The post GlycanAge Founders on Boosting Transition From “Wellness” Biomarker to Hospital Diagnostic appeared first on TheRecursive.com .",Deals|News|health tech|longevity,TheRecursive.com,2026-01-16T20:02:26.530763+00:00
https://therecursive.com/?p=43394,https://therecursive.com/women-web3-leadership-gracy-chen-bitget/,"Wed, 17 Dec 2025 15:08:38 +0000",Why Web3 Needs More Women at the Helm,"When we talk about Web3’s future, the conversation more often than not focuses on infrastructure: […] The post Why Web3 Needs More Women at the Helm appeared first on TheRecursive.com .",Blockchain|Careers|Guest Article|Web3|Women in Tech|bitget,TheRecursive.com,2026-01-16T20:02:26.530954+00:00
https://therecursive.com/?p=43406,https://therecursive.com/are-we-losing-our-professional-identities-in-the-age-of-ai/,"Tue, 16 Dec 2025 16:37:55 +0000",Are We Losing Our Professional Identities in the Age of AI?,"In this episode of The Recursive Roundtable, three practitioners unpack where AI truly adds value […] The post Are We Losing Our Professional Identities in the Age of AI? appeared first on TheRecursive.com .",Podcasts|podcast|The Recursive Roundtable,TheRecursive.com,2026-01-16T20:02:26.531098+00:00
https://therecursive.com/?p=43377,https://therecursive.com/why-early-stage-healthtech-needs-a-different-investment-playbook/,"Tue, 16 Dec 2025 09:29:49 +0000",Why Early-Stage HealthTech Needs a Different Investment Playbook,"For more than a decade, venture capital has refined a highly effective formula for building […] The post Why Early-Stage HealthTech Needs a Different Investment Playbook appeared first on TheRecursive.com .",Guest Article,TheRecursive.com,2026-01-16T20:02:26.531229+00:00
https://therecursive.com/?p=43385,https://therecursive.com/jutro-medical-series-a-ai-primary-care-clinics/,"Tue, 16 Dec 2025 09:13:14 +0000",Jutro Medical Extends Series A to €36M to Scale AI-enabled Primary Care Rollup,"Warsaw-based Jutro Medical, an AI-first primary care operator integrating online and offline care, has secured […] The post Jutro Medical Extends Series A to €36M to Scale AI-enabled Primary Care Rollup appeared first on TheRecursive.com .",Deals|News|AI|health tech|polish startup ecosystem|Polish startups,TheRecursive.com,2026-01-16T20:02:26.531382+00:00
https://therecursive.com/?p=43369,https://therecursive.com/europe-s-defense-tech-debate-needs-context-not-moral-panic/,"Mon, 15 Dec 2025 15:13:12 +0000","Europe’s Defense Tech Debate Needs Context, Not Moral Panic","Europe’s defense tech debate is happening at a moment of war on the continent, strategic […] The post Europe’s Defense Tech Debate Needs Context, Not Moral Panic appeared first on TheRecursive.com .",Defense Tech|Guest Article|defense tech|defense vc|European defense,TheRecursive.com,2026-01-16T20:02:26.531541+00:00
https://therecursive.com/?p=43362,https://therecursive.com/cee-startup-tech-weekly-more-funds-opening-up-for-new-startups/,"Fri, 12 Dec 2025 12:44:48 +0000",CEE Startup & Tech Weekly: More Funds Opening Up for New Startups,"The Recursive’s weekly roundup aims to cover key tech developments across Central and Eastern Europe, […] The post CEE Startup & Tech Weekly: More Funds Opening Up for New Startups appeared first on TheRecursive.com .",Deals|News|CEE Startup & Tech Weekly,TheRecursive.com,2026-01-16T20:02:26.531689+00:00
https://therecursive.com/?p=43307,https://therecursive.com/cee-deep-tech-startups-newcomers-to-watch-2026/,"Thu, 11 Dec 2025 11:33:30 +0000",18 Deep Tech Startups from CEE You Should Keep an Eye On,"Europe possesses world-class research institutions and scientists, and Central & Eastern Europe is no exception […] The post 18 Deep Tech Startups from CEE You Should Keep an Eye On appeared first on TheRecursive.com .",Deep Tech|Investors|Listicle|Startups|Adapta Robotics|Arkensight|AutonomyNow|Cytocast|eDNAture.eu|ExploRNA Therapeutics|GlucoActive|hylosense|LynXes Innovation Ltd.|NaturalAntibody|Progressive Robotics|purposeful|ReCatalyst|Resquant|Tropic Square,TheRecursive.com,2026-01-16T20:02:26.531936+00:00
https://therecursive.com/?p=43344,https://therecursive.com/cee-venture-funds-early-stage-innovation-growth/,"Thu, 11 Dec 2025 10:50:51 +0000",Three New CEE Funds Deploy €90M+ to Power Early-Stage Innovation,"This week, venture activity across CEE is gaining momentum as three new funds launch with […] The post Three New CEE Funds Deploy €90M+ to Power Early-Stage Innovation appeared first on TheRecursive.com .",Investors|News|CEE VCs|Venture capital,TheRecursive.com,2026-01-16T20:02:26.532096+00:00
https://therecursive.com/?p=43345,https://therecursive.com/brand-identity-after-the-merger-a-case-study-on-turning-the-strengths-of-seven-companies-into-one-coherent-story/,"Thu, 11 Dec 2025 10:46:45 +0000",Identity After the Merger: A Case Study on Turning the Strengths of Seven Companies Into One Coherent Story,"Brand is often treated as surface. An afterthought added after direction, structure, and strategy are […] The post Identity After the Merger: A Case Study on Turning the Strengths of Seven Companies Into One Coherent Story appeared first on TheRecursive.com .",Founder's School|Interview|Leadership|M&A|Marketing|Marketing & Sales,TheRecursive.com,2026-01-16T20:02:26.532254+00:00
https://therecursive.com/?p=43314,https://therecursive.com/venture-capital-misconceptions-cee-tech-future-bootstrapping-funding/,"Wed, 10 Dec 2025 10:39:54 +0000",Why Venture Capital Gets Misunderstood,The venture capital model is under fire again. Founders complain about dilution and loss of […] The post Why Venture Capital Gets Misunderstood appeared first on TheRecursive.com .,Ecosystem|Guest Article|Investors|Startups|asset class|bootstrapping|ROI|Venture capital,TheRecursive.com,2026-01-16T20:02:26.532417+00:00
https://therecursive.com/?p=43297,https://therecursive.com/europe-university-spin-off-boom-freiraum-ventures/,"Tue, 09 Dec 2025 08:12:04 +0000",“There is One Non-Negotiable Trait for Backing University Spin-Offs…”,Europe is quietly filling up with university-born companies. A recent analysis of EU-27 ecosystems identified […] The post “There is One Non-Negotiable Trait for Backing University Spin-Offs…” appeared first on TheRecursive.com .,Deep Tech|Interview|Investors|academia|investors|pre-seed|university spinoffs,TheRecursive.com,2026-01-16T20:02:26.532577+00:00
https://therecursive.com/?p=43106,https://therecursive.com/agency-product-pivot-customization-trap-saas-strategy-toolza-first-hand/,"Mon, 08 Dec 2025 13:36:19 +0000",What Agency Founders Should Know Before Building Their First Product,"Most CEE startup founders start their entrepreneurial journey by building an agency, like Omnisend, which […] The post What Agency Founders Should Know Before Building Their First Product appeared first on TheRecursive.com .",Fintech|Founder's School|Guest Article|SaaS|agency|outsourcing|product companies|product development|Toolza,TheRecursive.com,2026-01-16T20:02:26.532751+00:00
https://therecursive.com/?p=43291,https://therecursive.com/cee-tech-news-roundup/,"Fri, 05 Dec 2025 13:50:48 +0000",CEE Startup & Tech Weekly: OpenAI Moves to Acquire Polish-founded Startup,"The Recursive’s weekly roundup aims to cover key tech developments across Central and Eastern Europe, […] The post CEE Startup & Tech Weekly: OpenAI Moves to Acquire Polish-founded Startup appeared first on TheRecursive.com .",Deals|News|CEE Startup & Tech Weekly,TheRecursive.com,2026-01-16T20:02:26.532922+00:00
https://www.uktech.news/?p=153529,https://www.uktech.news/news/danske-bank-appoints-its-first-head-of-ai-20260109,"Fri, 09 Jan 2026 15:00:43 +0000",Danske Bank appoints its first head of AI,"Danske Bank UK has appointed Dr Fiona Browne as its first head of artificial intelligence to lead the strategic development and use of AI across the bank. In her new role, Browne will lead a new AI centre of excellence in Belfast and work alongside Danske Bank UK’s head of data and analytics, Lyndsay Shields, […] The post Danske Bank appoints its first head of AI appeared first on UKTN .",AI|News|Danske Bank,UKTN,2026-01-16T20:02:26.543980+00:00
https://www.uktech.news/?p=153491,https://www.uktech.news/premium/future-focus-whats-next-in-uk-tech,"Fri, 09 Jan 2026 14:00:17 +0000",Future focus: What’s next in UK tech?,"UK tech had a tumultuous year in 2025, with headlines dominated by AI, cyber attacks and a challenging investment environment. AI in particular had a significant moment, with its evolution providing a productivity boost to resource-scarce startups while also creating new challenges surrounding compliance and safety.  When UKTN asked a series of industry experts about […] The post Future focus: What’s next in UK tech? appeared first on UKTN .",News|Premium|2026|AI|Future focus|payments|tech|UK,UKTN,2026-01-16T20:02:26.544154+00:00
https://www.uktech.news/?p=153518,https://www.uktech.news/news/ofcom-progresses-plans-for-wi-fi-and-mobile-to-share-airwaves-20260109,"Fri, 09 Jan 2026 11:02:22 +0000",Ofcom progresses plans for Wi-Fi and mobile to share airwaves,"Ofcom has proposed the next steps in plans that would see mobile masts and Wi-Fi routers in different locations use parts of the same frequency band to transmit their signals for the first time. Historically, mobile and Wi-Fi services have had to use different parts of the radio spectrum – the wavelengths used for wireless […] The post Ofcom progresses plans for Wi-Fi and mobile to share airwaves appeared first on UKTN .",News|Ofcom|Telecommunications,UKTN,2026-01-16T20:02:26.544293+00:00
https://www.uktech.news/?p=153511,https://www.uktech.news/ma/zilch-acquires-fjord-bank-to-advance-european-expansion-20260109,"Fri, 09 Jan 2026 08:30:29 +0000",Zilch acquires Fjord Bank to advance European expansion,"Zilch has acquired Lithuanian lender Fjord Bank, giving the London-based fintech unicorn a European banking licence and a huge step forward in its expansion plans. Zilch will purchase 100% of Fjord Bank and will establish Lithuania as its European headquarters, using Vilnius as its operational and regulatory platform for expansion across Europe. Launched in 2021, […] The post Zilch acquires Fjord Bank to advance European expansion appeared first on UKTN .",M&A|News|Zilch,UKTN,2026-01-16T20:02:26.544430+00:00
https://www.uktech.news/?p=153495,https://www.uktech.news/news/half-of-uk-business-owners-more-willing-to-take-risks-as-confidence-grows-20260108,"Thu, 08 Jan 2026 15:00:00 +0000",Half of UK business owners more willing to take risks as confidence grows,"Nearly half of UK business owners and CEOs say they are more willing to take risk than a year ago, signalling a growing sense of optimism about future growth, according to new research released by private equity firm ECI Partners. The survey shows 47% of respondents now have a higher appetite for risk, compared with […] The post Half of UK business owners more willing to take risks as confidence grows appeared first on UKTN .",News|ECI Partners,UKTN,2026-01-16T20:02:26.544560+00:00
https://www.uktech.news/?p=153481,https://www.uktech.news/fintech/uk-fintech-investment-second-highest-globally-at-2-6bn-20260108,"Thu, 08 Jan 2026 13:00:29 +0000",UK fintech investment second highest globally at £2.6bn,"The UK’s investment in the fintech market reached £2.6bn in 2025, making it the second highest sector investor globally according to a new report published by Innovate Finance.  The industry body’s 2025 global fintech investment report shows a strong rebound in funding worldwide, with global investment reaching £39.4bn in 2025 – up 21% from 2024 […] The post UK fintech investment second highest globally at £2.6bn appeared first on UKTN .",Fintech|News|FinTech|Innovate Finance,UKTN,2026-01-16T20:02:26.544706+00:00
https://www.uktech.news/?p=153476,https://www.uktech.news/funding/engitix-secures-18-6m-to-advance-cancer-and-fibrosis-therapies-20260108,"Thu, 08 Jan 2026 10:37:18 +0000",Engitix secures £18.6m to advance cancer and fibrosis therapies,"Engitix, a biotech company targeting the extracellular matrix (ECM) to develop therapies for cancer and fibrosis, has closed £18.6m in series A extension funding.  Engitix leverages deep, high-resolution ECM data to identify disease-associated signatures and translate them into therapeutics designed to act precisely within diseased tissue microenvironments. The investment will be used to continue preclinical […] The post Engitix secures £18.6m to advance cancer and fibrosis therapies appeared first on UKTN .",Funding|News|Engitix,UKTN,2026-01-16T20:02:26.544872+00:00
https://www.uktech.news/?p=153467,https://www.uktech.news/government-policy/stronger-laws-force-tech-firms-to-stop-cyberflashing-20260108,"Thu, 08 Jan 2026 08:51:21 +0000",Stronger laws force tech firms to stop cyberflashing,Dating app and social media users are to be better protected from cyberflashing after a new law compelling tech firms to stop this type of content before it reaches users comes into force today. Cyberflashing is a term used to describe the act of someone sending a photo or video of their or someone else’s […] The post Stronger laws force tech firms to stop cyberflashing appeared first on UKTN .,Government & Policy|News|Government,UKTN,2026-01-16T20:02:26.545009+00:00
https://www.uktech.news/?p=153450,https://www.uktech.news/news/uk-cfos-more-optimistic-about-ai-productivity-boost-in-2026-20260107,"Wed, 07 Jan 2026 16:00:05 +0000",UK CFOs ‘more optimistic’ about AI productivity boost in 2026,"Over half (59%) of CFOs at the UK’s largest businesses have become more optimistic over the past 12 months about the potential for artificial intelligence to boost organisational performance, up from 39% in Q3 2024, according to Deloitte’s latest UK CFO Survey.  CFOs overwhelmingly (96%) expect to see a rise in investment in digital technology […] The post UK CFOs ‘more optimistic’ about AI productivity boost in 2026 appeared first on UKTN .",News|CFO|Deloitte,UKTN,2026-01-16T20:02:26.545149+00:00
https://www.uktech.news/?p=153460,https://www.uktech.news/news/lloyds-banking-group-investment-firm-ldc-exits-wifinity-20260107,"Wed, 07 Jan 2026 15:00:37 +0000",Lloyds Banking Group investment firm LDC exits Wifinity,"Private equity investor LDC, part of Lloyds Banking Group, has exited its investment in independent connectivity provider Wifinity. London-based Wifinity delivers tailored connectivity solutions that traditional telecom operators lack the capability and service model to provide.  The business serves clients across diverse markets including defence, leisure, specialist accommodation, corporate and public sector and offshore. Founded […] The post Lloyds Banking Group investment firm LDC exits Wifinity appeared first on UKTN .",News|LDC|telecoms,UKTN,2026-01-16T20:02:26.545283+00:00
https://startupitalia.eu/?p=673293,https://startupitalia.eu/economy/andreessen-horowitz-nuovo-fondo-record/,"Fri, 09 Jan 2026 13:48:33 +0000",La più grande raccolta di capitali per il fondo VC Andreessen Horowitz: 15 miliardi di dollari. «Fondamentale che gli USA vincano contro la Cina»,La società a16z è tra i leader del settore ed è anche molto allineata con il presidente Donald Trump,Economy|ai|Andreessen Horowitz|Breaking News|donald trump,StartupItalia,2026-01-16T20:02:26.594167+00:00
https://startupitalia.eu/?p=673288,https://startupitalia.eu/economy/lavoro/premio-luce-startup-inclusione/,"Fri, 09 Jan 2026 13:42:36 +0000",Un filo e un filare: il Premio Luce! celebra l’inclusione sociale che nasce dalla sartoria e dalla vigna,"Startup inclusive per costruire autonomia e dignità. «Vogliamo creare luoghi in cui le donne possano ripensarsi e comprendere il proprio valore», afferma Chiara Ceretti (Spazio3R). «La disabilità è una risorsa, non un disagio sociale», aggiunge Massimo Striano (Autnotout)",Lavoro|inclusione|inclusione sociale|premio luce,StartupItalia,2026-01-16T20:02:26.594331+00:00
https://startupitalia.eu/?p=673287,https://startupitalia.eu/lifestyle/truffa-rinnovo-tessera-sanitaria/,"Fri, 09 Jan 2026 13:32:44 +0000",La truffa della Tessera Sanitaria scaduta. AGID avverte sulla nuova campagna di phishing,"Se in una mail trovate il bottone per ""rinnovare"" il documento non cliccate",Lifestyle|Breaking News|truffa,StartupItalia,2026-01-16T20:02:26.594468+00:00
https://startupitalia.eu/?p=673284,https://startupitalia.eu/social/grok-nuove-regole-immagini/,"Fri, 09 Jan 2026 13:10:54 +0000",Grok si ricompone (in parte) dopo lo scandalo sulla generazione di immagini esplicite. Qual è il nuovo limite imposto da Elon Musk,Possono ancora essere create dagli utenti della piattaforma. Ma solo se abbonati. Secondo il primo ministro UK Starmer è un insulto alle vittime di violenza,Social|ai|Breaking News|Elon Musk|grok|keir starmer|xai,StartupItalia,2026-01-16T20:02:26.594623+00:00
https://startupitalia.eu/?p=673256,https://startupitalia.eu/lifestyle/mercedes-benz-cla-auto-dellanno-2026/,"Fri, 09 Jan 2026 11:26:14 +0000","Auto dell’anno 2026, il riconoscimento vola in Germania: premiata Mercedes-Benz CLA. Male l’Italia","Fuori dal podio (soltanto quinta) la Fiat Grande Panda, che si è fermata a 200 voti contro i 320 ottenuti dall'auto della Stella a tre punte",Lifestyle|Breaking News|Mercedes-Benz,StartupItalia,2026-01-16T20:02:26.594766+00:00
https://startupitalia.eu/?p=673247,https://startupitalia.eu/economy/trump-fa-prendere-a-johnson-johnson-una-medicina-amara-farmaci-scontati-negli-usa-per-salvarli-dai-dazi/,"Fri, 09 Jan 2026 10:53:46 +0000",Trump fa prendere a Johnson & Johnson una medicina amara: farmaci scontati negli USA per salvarli dai dazi,L'azienda statunitense ha inoltre promesso alla Casa Bianca nuovi impianti negli USA frutto di investimenti per 55 miliardi di dollari. Con questi nuovi equilibri a rischio gli hub europei?,Economy|Breaking News|dazi|donald trump|farmaceutica|farmaci,StartupItalia,2026-01-16T20:02:26.594933+00:00
https://startupitalia.eu/?p=673244,https://startupitalia.eu/economy/trump-venezuela-100-miliardi-petrolio/,"Fri, 09 Jan 2026 10:36:47 +0000","Venezuela, Trump convoca le major USA del petrolio. E su Truth: «Investiranno 100 miliardi di dollari»","Con la capitolazione del dittatore Nicolás Maduro arrestato e portato negli USA sembra esserci ben poco spazio di manovra per il governo locale: la portavoce della Casa Bianca, Karoline Leavitt ha infatti spiegato che «le decisioni del governo venezuelano ad interim continueranno a essere dettate dagli Stati Uniti»",Economy|Breaking News|donald trump|Nicolás Maduro|petrolio|usa|venezuela,StartupItalia,2026-01-16T20:02:26.595087+00:00
https://startupitalia.eu/?p=673239,https://startupitalia.eu/startup/la-startup-deeptech-ai-principled-intelligence-chiude-un-round-pre-seed-da-185-milioni-di-euro/,"Fri, 09 Jan 2026 09:40:07 +0000","La startup deeptech AI Principled Intelligence chiude un round pre-seed da 1,85 milioni di euro","Il round è stato guidato dal Polo Nazionale di Trasferimento Tecnologico per l’Intelligenza Artificiale e la Cybersecurity e dal fondo di VC specializzato in investimenti in Artificial Intelligence BlackSheep, con la partecipazione di Eden Ventures",Startup|BlackSheep|Breaking News|Cdp Venture Capital|Eden Ventures|Principled Intelligence|round|scientifica venture capital,StartupItalia,2026-01-16T20:02:26.595244+00:00
https://startupitalia.eu/?p=673226,https://startupitalia.eu/startup/benefit-competition-seconda-tappa-mimit/,"Fri, 09 Jan 2026 09:10:56 +0000",Quando l’impatto diventa una scelta di impresa. Benefit come leva di crescita (e di business),Benefit Competition: il MIMIT apre le candidature per la seconda tappa di Brindisi. Fino al 23 gennaio spazio alle imprese che uniscono impatto sociale e competitività,Startup|benefit|Benefit competition|MIMIT|società benefit,StartupItalia,2026-01-16T20:02:26.595391+00:00
https://startupitalia.eu/?p=673223,https://startupitalia.eu/economy/adempimento-collaborativo-aziende-2025/,"Fri, 09 Jan 2026 08:58:57 +0000","Agenzia delle Entrate, nel 2025 corsa delle imprese per accedere al regime di adempimento collaborativo",Fra gli aderenti alcune delle realtà economiche più importanti a livello nazionale:  in totale rappresentano oltre 49 miliardi di euro di imponibile,Economy|adempimento collaborativo|agenzia delle entrate|Breaking News|fisco|imprese|tasse,StartupItalia,2026-01-16T20:02:26.595546+00:00
https://startupitalia.eu/?p=673215,https://startupitalia.eu/impact/afeela-prototype-2026-sony-honda-ces26/,"Fri, 09 Jan 2026 08:30:10 +0000","Afeela, l’auto di Sony continua a vedersi al CES e non su strada. Annunciata la SUV ma che fine ha fatto la berlina?","Il grande pubblico attende ancora di vedere nelle concessionarie la berlina vista alla fiera di Las Vegas nel 2020: sarà commercializzata nel 2026 negli USA, nel 2027 in Giappone, mentre al momento non ci sono annunci relativi all'Europa. E intanto la Casa di PlayStation annuncia la Prototype 2026",Impact|afeela|auto elettrica|Breaking News|ces|ces 2026|honda|sony,StartupItalia,2026-01-16T20:02:26.595709+00:00
https://startupitalia.eu/?p=673213,https://startupitalia.eu/economy/sciopero-oggi-e-domani-treni-aerei/,"Fri, 09 Jan 2026 01:52:00 +0000",Sciopero oggi e domani. Cosa sapere per chi si sposta in treno e in aereo. Orari e fasce di garanzia,A Malpensa e a Linate incrociano le braccia anche gli operatori dei servizi di terra,Economy|Breaking News|sciopero,StartupItalia,2026-01-16T20:02:26.595853+00:00
https://startupitalia.eu/?p=672939,https://startupitalia.eu/tech/al-ces-di-las-vegas-tutti-pazzi-per-le-faccende-di-casa-affidate-ai-robot-ma-il-successo-dellintelligenza-artificiale-passa-da-energia-e-infrastrutture/,"Fri, 09 Jan 2026 01:48:00 +0000",Al CES di Las Vegas tutti pazzi per le faccende di casa affidate ai robot .«Ma il successo dell’intelligenza artificiale passa da energia e infrastrutture»,"Una puntata speciale della nostra rubrica del venerdì sugli italiani dell’altra mondo. Nell'ultima giornata del Consumer Electronic Show abbiamo intervistato Alberto Mattiello, imprenditore che vive da quasi vent'anni negli Stati Uniti, a Miami. Dai progetti Nvidia su chip e automotive fino alle sfide della longevità. «Sull'Intelligenza artificiale è in corso la guerra più spietata tra Big Tech»",Tech|ai|alberto mattiello|boston dynamics|ces|Cover Story|Italiani dell'altro mondo|Nvidia|openai|robot,StartupItalia,2026-01-16T20:02:26.596028+00:00
https://startupitalia.eu/?p=673179,https://startupitalia.eu/economy/golden-power-riforma-votata-senato/,"Fri, 09 Jan 2026 00:53:00 +0000","Golden Power, come cambiano i poteri speciali del governo sulle società strategiche dopo la tirata d’orecchie della Ue","L'intervento si è reso impellente e necessario dopo l'apertura della procedura di infrazione comunitaria all'Italia sull'uso dei ""poteri speciali"" sulle fusioni bancarie",Economy|Breaking News|Golden Power,StartupItalia,2026-01-16T20:02:26.596166+00:00
https://startupitalia.eu/?p=673211,https://startupitalia.eu/education/medicina-graduatoria-online/,"Thu, 08 Jan 2026 15:51:23 +0000",Online la graduatoria per le facoltà di Medicina. Come consultarla e quali sono i prossimi passaggi per le matricole,Chi non potrà accedere alla facoltà indicata come prima scelta avrà qualche giorno di tempo in più per immatricolarsi in un'altra sede,Education|Anna Maria Bernini|Breaking News|medicina,StartupItalia,2026-01-16T20:02:26.596305+00:00
https://startupitalia.eu/?p=673183,https://startupitalia.eu/economy/macron-contro-trump-no-colonialismo-usa/,"Thu, 08 Jan 2026 14:41:23 +0000",Macron attacca Trump: «Rifiutiamo il nuovo colonialismo e imperialismo degli USA»,Secondo il presidente francese gli americani si stanno «progressivamente allontanando» dagli alleati europei e contribuiscono a disegnare «un mondo di grandi potenze con una reale tentazione di spartirsi il pianeta» in cui «le istituzioni del multilateralismo funzionano sempre meno efficacemente»,Economy|Breaking News|Cina|donald trump|Emmanuel Macron|francia|Groenlandia|taiwan,StartupItalia,2026-01-16T20:02:26.596460+00:00
https://startupitalia.eu/?p=673180,https://startupitalia.eu/economy/cos-e-accordo-mercosur/,"Thu, 08 Jan 2026 14:19:22 +0000","Mercosur, cos’è, perché non piace agli agricoltori europei e come mai l’Italia aderirà all’accordo col Sud America",Nei prossimi giorni la presidente von der Leyen firmerà l'accordo in Paraguay. Lo scambio commerciale con l'Unione Europea vale 111 miliardi di euro,Economy|Breaking News|mercosur|Unione europea|Ursula von der Leyen,StartupItalia,2026-01-16T20:02:26.596604+00:00
https://startupitalia.eu/?p=673177,https://startupitalia.eu/economy/quanto-costa-groenlandia/,"Thu, 08 Jan 2026 13:43:15 +0000","Donald Trump, il presidente immobiliarista. Quanto gli potrebbe costare la Groenlandia?",Il Segretario di Stato Rubio incontrerà nei prossimi giorni i vertici danesi. Un think tank americano si era spinto a ipotizzare il prezzo dell'isola: 3mila miliardi di dollari,Economy|Breaking News|donald trump|Groenlandia|terre rare,StartupItalia,2026-01-16T20:02:26.596756+00:00
https://startupitalia.eu/?p=673164,https://startupitalia.eu/economy/economia-digitale/retail-media-intervista-luca-marmo/,"Thu, 08 Jan 2026 13:15:30 +0000","Retail Media in Italia: +27% nel 2025, 640 milioni di euro investiti e un mercato che corre verso la maturità","Dal palco di SIOS25 Winter, Luca Marmo (Beintoo, Gruppo Mediaset) spiega perché il retail media sta passando dalla sperimentazione alla misurabilità: «Meno rumore pubblicitario, più pertinenza e risultati deterministici»",Economia Digitale|adv|advertising|beintoo|Ecommerce|Luca Marmo|Retail Media,StartupItalia,2026-01-16T20:02:26.596920+00:00
https://startupitalia.eu/?p=673165,https://startupitalia.eu/lifestyle/gta-6-nuovo-rinvio/,"Thu, 08 Jan 2026 13:08:46 +0000",GTA 6 rischia l’ennesimo rinvio? Perché Rockstar Games potrebbe far slittare il videogioco più atteso dell’anno,"Ne ha parlato in un podcast Jason Schreier, giornalista di Bloomberg esperto del settore",Lifestyle|Breaking News|gta 6|rockstar games|videogiochi,StartupItalia,2026-01-16T20:02:26.597063+00:00
https://startupitalia.eu/?p=673159,https://startupitalia.eu/startup/ces-tecnologie-startup-italiane/,"Thu, 08 Jan 2026 12:42:24 +0000","CES 2026, quali tecnologie e innovazioni hanno portato le startup italiane alla fiera di Las Vegas?","Sono 51 in tutto e spaziano dall'edtech fino al settore manifatturiero smart. L'appuntamento in Nevada termina domani, 9 gennaio",Startup|Breaking News|ces,StartupItalia,2026-01-16T20:02:26.597196+00:00
https://startupitalia.eu/?p=673148,https://startupitalia.eu/economy/trump-controllo-usa-venezuela-dura-anni/,"Thu, 08 Jan 2026 12:24:01 +0000",Trump avverte il mondo: «Il controllo USA del Venezuela potrebbe durare anni»,Nella giornata di ieri invece la Casa Bianca aveva ammesso che la presenza di militari statunitensi in Venezuela sarà necessaria per tutelare le compagnie petrolifere americane che prenderanno in mano le risorse naturali del Paese,Economy|Breaking News|donald trump|Nicolás Maduro|venezuela,StartupItalia,2026-01-16T20:02:26.597338+00:00
https://startupitalia.eu/?p=673145,https://startupitalia.eu/economy/ma-nel-2025-record-storico-di-fusioni-e-acquisizioni-con-protagonisti-italiani-tutti-i-numeri/,"Thu, 08 Jan 2026 11:47:40 +0000","M&A, nel 2025 record storico di fusioni e acquisizioni con protagonisti italiani. Tutti i numeri","Tra i deal maggiore con coinvolgimento italiano nel corso dell'anno appena archiviato, si segnala: MPS su Mediobanca per 17,1 miliardi di dollari, Tata su Iveco con 8 miliardi di dollari, Saipem su Subsea 7 per un contratto dal valore di 5,4 miliardi di dollari, BPER su Pop Sondrio con un'operazione da 5,2 miliardi di dollari, Investindustrial su TreeHouse Foods per 2,9 miliardi di dollari e Ferrero su WK Kellogg (2,8 miliardi di dollari),",Economy|Ares|BPER banca|Breaking News|ENI|Eni Plenitude|Ferrero|Investindustrial|Iveco|Iveco Defence Vehicles|Leonardo|M&A|Mediobanca|mps|tata|TreeHouse Foods,StartupItalia,2026-01-16T20:02:26.597532+00:00
https://startupitalia.eu/?p=673140,https://startupitalia.eu/tech/aura-blockchain-consortium-annuncia-la-nomina-di-marcel-hartlein-come-nuovo-ceo-e-segretario-generale/,"Thu, 08 Jan 2026 11:36:34 +0000",Aura Blockchain Consortium annuncia la nomina di Marcel Härtlein come nuovo CEO e Segretario Generale,Oggi il Consorzio riunisce oltre 50 marchi del lusso e ha registrato più di 80 milioni di prodotti sulla propria blockchain,Tech|Aura Blockchain Consortium|cartier|LVMH|Marcel Härtlein|OTB Group|Prada Group,StartupItalia,2026-01-16T20:02:26.597696+00:00
https://startupitalia.eu/?p=673131,https://startupitalia.eu/videogames/adrift-recensione-videogioco/,"Thu, 08 Jan 2026 11:14:34 +0000","ADRIFT, quando un meccanico diventa sviluppatore indie di videogiochi",Vive in Olanda e si chiama Stefan Kwak. Questo è il suo debutto nell'industria gaming,Videogames|adrift|racing|sk98|Steam|videogiochi,StartupItalia,2026-01-16T20:02:26.597856+00:00
https://startupitalia.eu/?p=673123,https://startupitalia.eu/economy/flat-tax-al-15-per-i-professionisti-e-al-5-per-le-giovani-startup-le-regole-del-regime-forfettario-per-il-2026/,"Thu, 08 Jan 2026 10:19:04 +0000",Flat tax al 15% per i professionisti e al 5% per le giovani startup: le regole del regime forfettario per il 2026,Il regime forfettario è riservato ai contribuenti con partita Iva e incassi o compensi fino a 85.000 euro in base d’anno,Economy|Breaking News|partita iva|regime forfettario|tasse|tasse 2026,StartupItalia,2026-01-16T20:02:26.598004+00:00
https://startupitalia.eu/?p=673169,https://startupitalia.eu/economy/lavoro/chi-e-jacopo-murzi-nuovo-ad-johnson-johnson-innovative-medicine-italia/,"Thu, 08 Jan 2026 08:09:00 +0000","Jacopo Murzi, chi è il nuovo amministratore delegato di Johnson & Johnson Innovative Medicine Italia",In precedenza ha lavorato in Moderna e Alfasigma Italia,Lavoro|Breaking News|jacopo murzi|Johnson & Johnson Innovative Medicine Italia,StartupItalia,2026-01-16T20:02:26.598145+00:00
https://startupitalia.eu/?p=673103,https://startupitalia.eu/thefoodmakers/nestle-richiamo-latte-contaminazione/,"Thu, 08 Jan 2026 07:50:40 +0000","Nestlé, al via richiamo di prodotti per l’alimentazione infantile: rischio contaminazione con tossina",Sarebbero almeno 37 i Paesi in tutto il mondo ad avere emesso avvisi di allerta sanitaria in merito alla possibile contaminazione del latte artificiale,The Food Makers|Breaking News|Nestlé,StartupItalia,2026-01-16T20:02:26.598284+00:00
https://startupitalia.eu/?p=673101,https://startupitalia.eu/economy/euronext-growth-milan-ipo-2025/,"Thu, 08 Jan 2026 07:41:20 +0000","Euronext Growth Milan, quante sono state le IPO nel 2025 e a quanto ammonta la raccolta?","Le nuove quotate provengono da 9 Regioni: la più rappresentata è la Lombardia con il 50% delle quotazioni, seguono Marche, Campania e Puglia (9%)",Economy|Borsa di Milano|Braga Moro|Breaking News|Com.Tel|Dedem|Energy Time|ETS|Euronext Growth Milan|Friends|gAIn360|Giocamondo Study|Haiki +|IPO|Kaleon|Markbass|Metriks AI|Otofarma|Più Medical|Praexidia Industrie Strategiche|Rino Petino|RT&L|Tecno|Telmes|Tradelab|Ubaldi Costruzioni|Vinext,StartupItalia,2026-01-16T20:02:26.598532+00:00
https://startupitalia.eu/?p=673099,https://startupitalia.eu/economy/anthropic-round-10-miliardi-verso-ipo/,"Thu, 08 Jan 2026 07:32:28 +0000","AI d’oro. Anthropic, la startup dei fratelli Amodei verso round da 10 miliardi. IPO entro la fine del 2026?",La nuova raccolta fondi porterebbe il ben noto sviluppatore del chatbot Claude a una valutazione pre-money di 350 miliardi di dollari contro i 183 miliardi di dollari dell’ultima valutazione settembrina,Economy|Anthropic|Breaking News,StartupItalia,2026-01-16T20:02:26.598674+00:00
https://startupitalia.eu/?p=673096,https://startupitalia.eu/economy/loreal-prezzata-unemissione-obbligazionaria-per-un-importo-complessivo-di-1750-miliardi-di-euro/,"Thu, 08 Jan 2026 07:24:36 +0000","L’Oréal, prezzata un’emissione obbligazionaria per un importo complessivo di 1,750 miliardi di euro","Il ricavato netto sarà utilizzato per scopi aziendali generali, incluso il finanziamento di parte dell'acquisizione dell'ulteriore quota del 10% in Galderma annunciata a dicembre 2025",Economy|breaking news|l'oreal,StartupItalia,2026-01-16T20:02:26.598808+00:00
https://startupitalia.eu/?p=673092,https://startupitalia.eu/economy/olidata-maurizio-nasso-cooptato-ceo/,"Thu, 08 Jan 2026 07:18:57 +0000",Il CdA di Olidata intende cooptare Maurizio Nasso in qualità di consigliere e lo ha nominato nuovo CEO,A seguito della nomina del nuovo Amministratore Delegato il Presidente del Consiglio di Amministrazione Cristiano Rufini ha rimesso integralmente tutte le deleghe operative e gestorie,Economy|Breaking News|Cristiano Rufini|Maurizio Nasso|Olidata,StartupItalia,2026-01-16T20:02:26.598962+00:00
https://startupitalia.eu/?p=673087,https://startupitalia.eu/impact/trump-retromarcia-accordi-clima-trattati/,"Thu, 08 Jan 2026 07:10:19 +0000",Trump fa coriandoli degli accordi sul clima e fa uscire gli USA da una sessantina di trattati e organizzazioni internazionali,L'improvvisa retromarcia ha riacceso il dibattito tra i costituzionalisti americani sull'agire del presidente dal momento che si trattava di atti che per entrare in vigore avevano chiesto la controfirma per la ratifica del Congresso che dovrebbe pertanto avallarne pure lo scioglimento,Impact|Breaking News|clima|donald trump|onu|trattati internazionali|usa,StartupItalia,2026-01-16T20:02:26.599128+00:00
https://startupitalia.eu/?p=672884,https://startupitalia.eu/tech/opera-lirica-ai-robot-pepper-trapani/,"Thu, 08 Jan 2026 04:57:00 +0000",A Trapani l’AI è uno spettacolo! Sul palco per l’opera lirica salgono i robot. «Programmati per essere intelligenti e autonomi»  ,"La prima puntata dell’anno per la rubrica Viaggio in Italia ci porta tra scenografie immersive, robot Pepper e realtà aumentata. Si tratta di un progetto sperimentale nato in Sicilia e realizzato in collaborazione con le Università di Palermo e della Calabria e già volato oltreoceano, precisamente a Los Angeles e a New York. Adesso punta all’ONU e alla Cina. «Per noi i robot sono attori a tutti gli effetti», racconta Valeria Seidita, docente di robotica",Tech|Cover Story|opera lirica|Pepper|robot Pepper|Valeria Seidita|viaggio in italia,StartupItalia,2026-01-16T20:02:26.599285+00:00
https://startupitalia.eu/?p=671752,https://startupitalia.eu/valoreresponsabile/dentro-le-parole-dipendenze-legame-o-catena/,"Thu, 08 Jan 2026 04:12:00 +0000",Dentro le Parole | Dipendenze: legame o catena?,"In collaborazione con Luca Stoppioni Vede, l’alcol in latino è “spiritus”, e si usa la stessa parola per la più alta esperienza religiosa come per il veleno più degradanteCarl Gustav Jung, lettera a Bill Wilson, 30 gennaio 1961 Significato complesso, la parola dipendenza.  Deriva dal latino dependēre, essere appeso, essere attaccato a qualcosa.  In origine non [...]",Valore Responsabile|alessandro lucchini|dentro le parole|linguaggio,StartupItalia,2026-01-16T20:02:26.599423+00:00
https://startupitalia.eu/?p=673070,https://startupitalia.eu/economy/assegno-unico-date-gennaio-2/,"Thu, 08 Jan 2026 01:09:00 +0000",Assegno unico per i figli: quali sono le date dei pagamenti di gennaio?,L'Inps ha comunicato il calendario degli accrediti previsti nel 2026,Economy|assegno unico|Breaking News,StartupItalia,2026-01-16T20:02:26.599554+00:00
https://startupitalia.eu/?p=673065,https://startupitalia.eu/tech/sensore-anti-incendio-cani-gatti/,"Wed, 07 Jan 2026 14:44:59 +0000",Come salvare gli animali domestici durante un incendio? Al CES 2026 la soluzione della startup Rescue Retriver con sensore e collare,"Già presente sul mercato, la tecnologia è esposta in questi giorni alla fiera di Las Vegas",Tech|Breaking News|pet|rescue retriver,StartupItalia,2026-01-16T20:02:26.599695+00:00
https://startupitalia.eu/?p=673061,https://startupitalia.eu/economy/warner-bros-nuovo-stop-offerta-paramount/,"Wed, 07 Jan 2026 14:17:46 +0000","Warner Bros. Discovery, il consiglio di amministrazione boccia di nuovo l’offerta ostile di Paramount. Alla fine vincerà Netflix?","L'azienda guidata dal figlio di Larry Ellison, alleato di Donald Trump, aveva offerto quasi 110 miliardi per acquisire il colosso dell'intrattenimento",Economy|Breaking News|donald trump|netflix|Paramount|Warner Bros,StartupItalia,2026-01-16T20:02:26.599851+00:00
https://startupitalia.eu/?p=673056,https://startupitalia.eu/tech/motorola-maxwell-ciondolo-ces/,"Wed, 07 Jan 2026 13:41:09 +0000","CES 2026, dopo il flop dell’AI Pin di Humane Motorola ci riprova con un wearable. Cosa sappiamo sul ciondolo tech?","Grazie all'Intelligenza artificiale diverse aziende sperimentano da anni device indossabili. A volte, però, deludono le aspettative",Tech|ai|ai pin|Breaking News|ces|Humane|motorola|Rabbit,StartupItalia,2026-01-16T20:02:26.600011+00:00
https://startupitalia.eu/?p=673047,https://startupitalia.eu/economy/maduro-60-miliardi-bitcoin-venezuela/,"Wed, 07 Jan 2026 13:24:15 +0000",È caccia al tesoro di Maduro: 60 miliardi di dollari in Bitcoin «frutto di operazioni non sempre lecite»,"Circolano con maggiore insistenza voci su riserve in criptovaluta che il dittatore e la sua cricca avrebbe accumulato grazie anche a traffici illeciti. E le autorità americane potrebbero volersene impossessare, riducendo i quantitativi di Bitcoin circolanti e provocando un aumento del valore della valuta virtuale",Economy|bitcoin|Breaking News|criptomoneta|donald trump|Nicolás Maduro|venezuela,StartupItalia,2026-01-16T20:02:26.600164+00:00
https://startupitalia.eu/?p=673048,https://startupitalia.eu/tech/ces-novita-su-robot-atlas/,"Wed, 07 Jan 2026 13:23:29 +0000","CES 2026, gli umanoidi di Boston Dynamics pronti a entrare nelle fabbriche Hyundai. Ma anche Google ha un piano sui robot Atlas","Dopo anni di sviluppo, test e meme sono entrati in produzione. L'obiettivo della casa automobilistica sudcoreana è creare ambienti collaborativi tra dipendenti e macchine",Tech|ai|boston dynamics|Breaking News|ces|hyundai|Nvidia|robot,StartupItalia,2026-01-16T20:02:26.600321+00:00
https://startupitalia.eu/?p=673045,https://startupitalia.eu/tech/xai-mega-round-20-miliardi/,"Wed, 07 Jan 2026 13:00:29 +0000",Il 2026 di xAI inizia con il mega round da 20 miliardi di dollari. Chi ha investito nell’Intelligenza artificiale di Musk?,"Un anno fa il Ceo di Tesla saldava l'alleanza con Trump alla Casa Bianca. Dopo il brutto divorzio, continua comunque ad attirare capitali",Tech|ai|Breaking News|donald trump|Elon Musk|stargate|xai,StartupItalia,2026-01-16T20:02:26.600474+00:00
https://startupitalia.eu/?p=673016,https://startupitalia.eu/tech/5g-accordo-tim-fastweb-vodafone-in-italia/,"Wed, 07 Jan 2026 08:27:57 +0000","5G, accordo tra Tim, Fastweb e Vodafone per accelerare sulla copertura della connessione a velocità elevata","Si prevede che ciascun operatore possa utilizzare nelle aree interessate l'infrastruttura di accesso radio-mobile dell'altro, evitando duplicazioni infrastrutturali",Tech|5G|Breaking News|fastweb|tim|vodafone,StartupItalia,2026-01-16T20:02:26.600620+00:00
https://startupitalia.eu/?p=673011,https://startupitalia.eu/economy/supermercati-chiusi-la-domenica-nel-2026/,"Wed, 07 Jan 2026 08:14:48 +0000",Nel 2026 niente più spesa di domenica? Chi valuta la chiusura dei supermercati nei festivi per risparmiare,La decisione permetterebbe di contenere il costo del lavoro dal momento che la maggiorazione del salario per il turno della domenica è di almeno il 30% rispetto all'ordinario,Economy|Ancc-Coop|Breaking News|Ernesto Dalle Rive|Gdo|supermercati,StartupItalia,2026-01-16T20:02:26.600772+00:00
https://startupitalia.eu/?p=673009,https://startupitalia.eu/economy/trump-venezuela-petrolio-groenlandia/,"Wed, 07 Jan 2026 07:54:32 +0000",Trump: «Caracas ci consegnerà 30-50 milioni di barili di petrolio». E sulla Groenlandia Rubio: «La compreremo»,Sia il Segretario di Stato sia un senatore molto vicino al presidente lasciano intendere che le continue minacce del Presidente siano «tutte in funzione di un negoziato» per piegare la Danimarca a cedere l'isola,Economy|Breaking News|donald trump|Groenlandia|marco rubio|Nicolás Maduro|petrolio|usa|venezuela,StartupItalia,2026-01-16T20:02:26.600942+00:00
https://startupitalia.eu/?p=673007,https://startupitalia.eu/economy/titoli-di-stato-ita-calendario-2026/,"Wed, 07 Jan 2026 07:04:02 +0000","Titoli di Stato, il calendario delle emissioni di BOT e BTP nel corso del 2026",Già a gennaio aste con prodotti sia a breve termine sia con scadenze più lunghe. Nel primo trimestre previste emissioni per almeno 38 miliardi,Economy|Breaking News|btp|BTP Italia|btp più|Btp Valore|titoli di Stato,StartupItalia,2026-01-16T20:02:26.601095+00:00
https://startupitalia.eu/?p=672815,https://startupitalia.eu/lifestyle/loroscopo-del-nuovo-anno-tra-ironia-e-cattiveria-senza-lintelligenza-artificiale-non-esisterebbe-astrobastardo/,"Wed, 07 Jan 2026 01:02:00 +0000",L’oroscopo del nuovo anno tra ironia e cattiveria. «Senza l’intelligenza artificiale non esisterebbe Astrobastardo»,"Cosa riserveranno le stelle nel 2026 a startupper e investitori? Ce lo svela scherzosamente Alessandro Macchiarella, ideatore di una pagina Instagram che ha sfruttato i software di AI per spiegare ogni giorno senza peli sulla lingua se i Gemelli avranno fortuna in amore o se le Vergini faranno fatica al lavoro",Lifestyle|astrobastardo|Cover Story,StartupItalia,2026-01-16T20:02:26.601232+00:00
https://startupitalia.eu/?p=672919,https://startupitalia.eu/lifestyle/lifestyle-social/che-anno-sara-i-trend-dei-social-linkedin-punta-sul-video-first-threads-e-x-si-battono-sul-real-time/,"Wed, 07 Jan 2026 01:01:00 +0000","Che anno sarà sui social? LinkedIn e Meta punteranno sui video, Threads e X sul real time. L’attenzione? Si giocherà sui primi tre secondi","Chi l’ha detto che conviene affidarsi esclusivamente all’AI? Il 55% degli utenti social afferma di fidarsi maggiormente dei brand che pubblicano contenuti generati dall’uomo e non dall’intelligenza artificiale. La chiave per il 2026 non sarà produrre più filmati, ma farli meglio: dovranno catturare l'attenzione nei primi tre secondi. L’analisi della nostra Firma dal Futuro Franz Russo",Social|Che social sarà|firmedalfuturo|franz russo|instagram|meta|secondauscita|threads|tiktok|x,StartupItalia,2026-01-16T20:02:26.601398+00:00
https://startupitalia.eu/?p=672991,https://startupitalia.eu/tech/ces-cosa-aspettarsi-2026/,"Tue, 06 Jan 2026 01:51:00 +0000","CES 2026, oggi parte la fiera della tecnologia a Las Vegas. Cosa aspettarsi dai big che parleranno e quali sono le startup italiane presenti",Lo scorso anno sono stati oltre 141mila i partecipanti. Dall'Italia è arrivata una delegazione con 51 società innovative riunite in un unico padiglione,Tech|Breaking News|ces|ces 2026,StartupItalia,2026-01-16T20:02:26.601536+00:00
https://startupitalia.eu/?p=672828,https://startupitalia.eu/thefoodmakers/a-roma-nasce-il-gelato-vegetale-anche-dinverno-per-realizzarlo-usiamo-anche-un-software-di-ai-che-ci-aiuta-per-la-miscelazione-degli-ingredienti/,"Tue, 06 Jan 2026 01:29:00 +0000",A Roma nasce il gelato vegetale (anche d’inverno). «Per realizzarlo usiamo anche un software di AI che ci aiuta per la miscelazione degli ingredienti»,"Emanuele Bianconi è Co-Ceo di Squp, startup da poco divenuta Pmi innovativa. Si tratta del gelato in barattolo 100% vegetale senza zuccheri aggiunti, senza lattosio, senza glutine e con un ridotto apporto calorico. Fondata all'inizio della pandemia, oggi produce per la grande distribuzione. «Facciamo ricerca e sviluppo per creare cibo buono e sano»",The Food Makers|ai|cibo|Cover Story|GELATO|squp,StartupItalia,2026-01-16T20:02:26.601690+00:00
https://startupitalia.eu/?p=672915,https://startupitalia.eu/tech/bestia-di-kandahar-storia-drone/,"Mon, 05 Jan 2026 09:57:15 +0000",Tutto sul drone da sorveglianza RQ-170. La Bestia di Kandahar è stata utilizzata nell’operazione USA in Venezuela?,"Costruito dal colosso Lockheed Martin, sono vent'anni che questo UAV militare viene impiegato dagli Stati Uniti per operazioni di intelligence",Tech|Breaking News|donald trump|Droni,StartupItalia,2026-01-16T20:02:26.601836+00:00
https://startupitalia.eu/?p=672913,https://startupitalia.eu/economy/regime-forfettario-novita-2026/,"Mon, 05 Jan 2026 09:28:56 +0000","Regime forfettario, le novità 2026 non faranno gioire le partite IVA: più controlli anche sugli acquisti e-commerce",Il Fisco si concentrerà non solo sui software di fatturazione,Economy|Breaking News|partita iva,StartupItalia,2026-01-16T20:02:26.601995+00:00
https://startupitalia.eu/?p=672901,https://startupitalia.eu/startup/trump-invadera-groenlandia-dopo-venezuela/,"Mon, 05 Jan 2026 08:49:16 +0000","Groenlandia, dopo la cattura di Maduro in Venezuela Donald Trump torna a provocare l’Europa. «Abbiamo bisogno dell’isola»",Con lo scioglimento dei ghiacci si stanno aprendo nuove rotte commerciali che interessano a Washington. Tanto quanto i giacimenti di terre rare,Startup|Economy|Breaking News|donald trump|Groenlandia,StartupItalia,2026-01-16T20:02:26.602146+00:00
https://startupitalia.eu/?p=672686,https://startupitalia.eu/tech/gastone-garziera-roberto-bonzio-colletti/,"Mon, 05 Jan 2026 04:40:00 +0000",La lezione di Garziera. «La migliore innovazione? Quella semplice e intuitiva. Il futuro si disegna con chi ha la testa giovane»,"Nel videopodcast di Likeabee per StartupItalia al SIOS25 insieme a Roberto Bonzio e a Giampaolo Colletti il racconto di Gastone Garziera, tra i progettisti della P101. Come Olivetti è riuscita a cambiare il concetto di calcolo personale, l’evoluzione degli strumenti tech, il ruolo dei giovani. «I quattro fattori vincenti della tecnologia? Essere tascabile, intuitiva, economica, distintiva»",Tech|Gastone Garziera|podcast|Roberto Bonzio|secondauscita|SIOS25|SIOS25 Winter,StartupItalia,2026-01-16T20:02:26.602314+00:00
https://startupitalia.eu/?p=672677,https://startupitalia.eu/tech/garziera-gastone-p101-ingegnere-olivetti/,"Mon, 05 Jan 2026 04:30:00 +0000","Gastone Garziera, l’ingegnere che con la P101 ha programmato il domani. «Vi racconto come abbiamo inventato il personal computer»","Esattamente sessant’anni fa l’Italia non ha rincorso l’innovazione, ma l’ha anticipata. Lasciando senza parole il mondo intero. Dopo anni quel gioiello della P101 ci parla ancora. Abbiamo incontrato (e premiato) uno dei programmatori che ha disegnato – di più, programmato – il futuro",Tech|Gastone Garziera|Olivetti|p101|terzauscita,StartupItalia,2026-01-16T20:02:26.602457+00:00
https://startupitalia.eu/?p=672530,https://startupitalia.eu/tech/garziera-gastone-p101-avatar-airoldi/,"Mon, 05 Jan 2026 04:00:00 +0000","Nasce l’avatar di Gastone Garziera, tra i creatori della P101. Airoldi (Fondazione 101): «Preserviamo il passato dalle insidie del tempo»","Il nuovo digital twin valorizza la storia di quello che è considerato il primo personal computer al mondo. «Con la piattaforma conversazionale Evoka abbiamo dato vita a un esperimento di memoria viva che permette alle persone di dialogare con il geniale progettista entrato in Olivetti a 19 anni restituendone voce, umanità e creatività», afferma Damiano Airoldi, manager di lungo corso e a capo della neonata Fondazione 101",Tech|Damiano Airoldi|digital twin|Gastone Garziera|p101|terzauscita,StartupItalia,2026-01-16T20:02:26.602609+00:00
https://startupitalia.eu/?p=669468,https://startupitalia.eu/education/educazione-finanziaria-dei-giovani-perche-litalia-resta-sotto-la-media-ocse/,"Mon, 05 Jan 2026 03:22:00 +0000",Educazione finanziaria dei giovani: perché l’Italia resta sotto la media OCSE,"Secondo l’indagine PISA 2022, le competenze dei quindicenni italiani sono ancora fragili: solo il 5% raggiunge i livelli più alti di alfabetizzazione finanziaria, mentre quasi uno su cinque non supera la soglia minima",Education|Valore Responsabile|alfabetizzazione finanziaria|coverVr|educazione finanziaria|finanza personale|ocse,StartupItalia,2026-01-16T20:02:26.602766+00:00
https://startupitalia.eu/?p=670564,https://startupitalia.eu/lifestyle/olimpiadi-di-milano-cortina-on-demand/,"Mon, 05 Jan 2026 03:13:00 +0000","Olimpiadi di Milano Cortina 2026, sarà un evento tech? Come lo seguiranno gli italiani? Generazioni a confronto","L’esperienza dei Giochi Olimpici Invernali non passa più solo dalla diretta TV: oggi si vive su smartphone, tablet e piattaforme social. Per il 67 per cento della Gen Z le gare si seguono on-demand",Lifestyle|Breaking News|Olimpiadi di Milano Cortina 2026|Olimpiadi invernali,StartupItalia,2026-01-16T20:02:26.602921+00:00
https://startupitalia.eu/?p=671790,https://startupitalia.eu/tech/nel-2026-scoppiera-la-bolla-finanziaria-dellai-tre-spunti-da-investitori-per-decifrare-lanno-che-ci-aspetta/,"Mon, 05 Jan 2026 02:51:00 +0000",Nel 2026 scoppierà la bolla finanziaria dell’AI? Tre spunti da investitori e VC per decifrare l’anno,"Gianlcua Dettori (Primo Capital), Diana Saraceni (Panakès Partners) e Paolo Barberis (Nana Bianca) ci aiutano a captare segnali e trend. L'Intelligenza artificiale potrebbe avere un impatto ancora maggiore nelle scienze della vita. Vedremo più exit? Di sicuro non ha senso rincorrere gli USA su una battaglia già persa in Europa",Tech|diana saraceni|Gianluca Dettori|interviste ai vc|Paolo Barberis,StartupItalia,2026-01-16T20:02:26.603064+00:00
https://startupitalia.eu/?p=671643,https://startupitalia.eu/lifestyle/quanto-si-muovono-davvero-i-gatti-i-curiosi-dati-della-startup-che-li-monitora-via-gps/,"Mon, 05 Jan 2026 01:57:00 +0000",Quanto si muovono davvero i gatti? I curiosi dati della startup che li monitora via GPS,"Nel 2025, i gatti monitorati hanno visto un incremento del 61% nella loro attività fisica, passando da 23 a 37 minuti di camminata o corsa al giorno",Lifestyle|Breaking News|gatti|kippy,StartupItalia,2026-01-16T20:02:26.603202+00:00
https://startupitalia.eu/?p=670417,https://startupitalia.eu/lifestyle/fine-delle-feste-come-mantenere-lalbero-di-natale-in-salute-fino-al-prossimo-anno/,"Mon, 05 Jan 2026 01:19:00 +0000","Fine delle feste, come mantenere l’Albero di Natale in salute fino al prossimo anno?",Ancora poche ore e l’Albero di Natale dovrà essere riposto in cantina e soffitta assieme agli addobbi contribuendo così a rafforzare il magone che proviamo in queste ore pensando che a breve saremo nuovamente al lavoro o a scuola. Ma cosa deve fare chi ha comprato un Albero di Natale in carne e oss… in [...],Lifestyle|albero di Natale|Breaking News,StartupItalia,2026-01-16T20:02:26.603337+00:00
https://startupitalia.eu/?p=671585,https://startupitalia.eu/economy/il-vero-tesoro-sono-i-dati-commerciali-e-le-pmi-italiane-tendono-a-perderli-con-troppa-facilita/,"Sun, 04 Jan 2026 23:55:00 +0000",Il vero tesoro sono i dati commerciali e le PMI italiane tendono a perderli con troppa facilità,"Secondo uno studio, ogni dollaro investito nell'implementazione di un sistema CRM genera un ritorno medio di 8,71 dollari in ricavi di vendita, con alcune organizzazioni che raggiungono ROI superiori al 245% quando i sistemi vengono implementati correttamente",Economy|Breaking News|crm|Pmi,StartupItalia,2026-01-16T20:02:26.603473+00:00
https://startupitalia.eu/?p=671082,https://startupitalia.eu/economy/automobilisti-rincari-2026-diesel/,"Sun, 04 Jan 2026 23:06:00 +0000","Il 2026 è iniziato da cinque giorni e già tampona gli automobilisti: dal diesel alle assicurazioni, guida ai rincari","Secondo i calcoli dell'associazione dei consumatori, considerata anche l'Iva al 22%, un pieno di gasolio da 50 litri ora costa 2,47 euro in più rispetto allo scorso dicembre",Economy|accise|Breaking News|diesel|RC Auto,StartupItalia,2026-01-16T20:02:26.603618+00:00
https://startupitalia.eu/?p=672852,https://startupitalia.eu/startup/richard-hammond-propositi-2026/,"Sun, 04 Jan 2026 01:57:00 +0000",Il buon proposito di Richard Hammond per il 2026? La confidenza dell’ex conduttore di Top Gear: «Non voglio un altro 2025»,Un anno fa lo showman annunciava il divorzio dopo quasi 30 anni di matrimonio,Startup|Lifestyle|Breaking News|James May|Jeremy Clarkson|Richard Hammond,StartupItalia,2026-01-16T20:02:26.603778+00:00
https://startupitalia.eu/?p=670853,https://startupitalia.eu/tech/tre-libri-sullai-da-leggere-durante-le-feste-perche-il-vero-startupper-non-riposa-mai/,"Sun, 04 Jan 2026 01:21:00 +0000",Tre libri sull’AI da leggere durante le feste… perché il vero startupper non riposa mai,"Per la maggior parte delle persone le feste sono un momento in cui staccare la spina, ma il vero imprenditore non smette mai di studiare e apprendere. Ecco tre libri per restare aggiornati e poter affacciarsi al nuovo anno con tante nuove idee in testa",Tech|Apogeo|Cover Story|Egea|FrancoAngeli|futuro da sfogliare|Il Sole 24 Ore,StartupItalia,2026-01-16T20:02:26.603944+00:00
https://startupitalia.eu/?p=672803,https://startupitalia.eu/economy/lavoro/lavoro-fabiana-andreani-2026/,"Sat, 03 Jan 2026 04:43:00 +0000","Lavoro, che anno sarà? L’autenticità batterà l’automazione e tutti i trend da tenere d’occhio nel 2026","Sorpresa, o forse no. Dopo anni di ottimizzazione algoritmica, keyword stuffing e CV generati dall'intelligenza artificiale, le lancette torneranno indietro e l'anno appena cominciato potrebbe essere quello in cui l’autenticità conterà più dell'automazione. Le stime della nostra Firma dal Futuro Fabiana Andreani, tra le massime esperte in orientamento e carriera",Lavoro|Fabiana Andreani|firmedalfuturo|illavorodelfuturo|quartauscita|trend,StartupItalia,2026-01-16T20:02:26.604094+00:00
https://startupitalia.eu/?p=672774,https://startupitalia.eu/unstoppable-women-cat/unstoppable-women-10-donne-2026/,"Sat, 03 Jan 2026 04:07:00 +0000","Che anno sarà? 10 Unstoppable Women da tenere d’occhio nel 2026, dalla scienza allo sport fino all’imprenditoria",Fare tutto il possibile per abbattere il soffitto di cristallo che ancora caratterizza il gender gap. E farlo nel segno dell’innovazione. Nel primo sabato del nuovo anno in redazione abbiamo selezionato una rosa di donne che ogni giorno ci mettono la faccia e provano a fare la differenza. Sali a bordo e inizia il viaggio insieme a noi,Unstoppable Women|10 profili|10 profili 2026|Cover Story|unstoppable women,StartupItalia,2026-01-16T20:02:26.604238+00:00
https://startupitalia.eu/?p=672850,https://startupitalia.eu/economy/scioperi-a-gennaio-2026/,"Sat, 03 Jan 2026 01:32:00 +0000","Quali sono i giorni degli scioperi di treni, bus, metro, tram e aerei in programma a gennaio",Sul sito del ministero dei Traporti la tabella per rimanere in aggiornamento sulle agitazioni proclamate,Economy|Breaking News|sciopero,StartupItalia,2026-01-16T20:02:26.604370+00:00
https://startupitalia.eu/?p=672862,https://startupitalia.eu/economy/spid-poste-italiane-diventa-a-pagamento/,"Fri, 02 Jan 2026 16:38:19 +0000",Il buon anno nuovo di Poste Italiane: il servizio SPID ora è a pagamento. Quanto si paga e chi sarà esente,Dal primo gennaio il servizio PosteID abilitato all'identità digitale usato da 24 milioni di utenti non sarà più gratuito. Le prime mail per coloro che rinnoveranno a febbraio partiranno a breve,Economy|Breaking News|Poste Italiane|SPID,StartupItalia,2026-01-16T20:02:26.604505+00:00
https://startupitalia.eu/?p=672847,https://startupitalia.eu/economy/lavoro/licenziamenti-trump-dipendenti-federali/,"Fri, 02 Jan 2026 09:22:13 +0000",La scure di Trump (e Musk) sulle agenzie federali USA: dall’avvio di DOGE licenziate oltre 270mila persone,All'inizio del suo secondo mandato il tycoon si era affidato al Ceo di Tesla. L'obiettivo di risparmiare 2 trilioni di dollari è stato però rapidamente ridimensionato,Lavoro|Breaking News|doge|donald trump|Elon Musk|usa,StartupItalia,2026-01-16T20:02:26.604656+00:00
https://startupitalia.eu/?p=672844,https://startupitalia.eu/economy/assegno-unico-pagamenti-2026/,"Fri, 02 Jan 2026 08:43:30 +0000",Assegno unico per i figli: tutte le date degli accrediti da gennaio a dicembre 2026,Il calendario pubblicato dall'Inps riguarda le prestazioni che non hanno subito variazioni,Economy|assegno unico|Breaking News,StartupItalia,2026-01-16T20:02:26.604805+00:00
https://startupitalia.eu/?p=672836,https://startupitalia.eu/economy/lavoro/ai-licenziamenti-banche-europa/,"Fri, 02 Jan 2026 08:19:36 +0000",La mazzata dell’AI: entro il 2030 le banche europee taglieranno 200mila posti di lavoro,A riferirlo è un report di Morgan Stanley. Il 2025 del tech si è chiuso intanto con 246mila licenziamenti,Lavoro|ai|banche|Breaking News|licenziamenti,StartupItalia,2026-01-16T20:02:26.604974+00:00
https://startupitalia.eu/?p=672835,https://startupitalia.eu/economy/dl-milleproproghe-mancano-proroghe-bonus/,"Fri, 02 Jan 2026 08:16:18 +0000",Sorpresa di inizio anno: nel Dl Milleproroghe mancano le… proroghe. Niente bonus donne e under 35,Nel testo promulgato in Gazzetta Ufficiale non si trovano nemmeno quelle relative al bonus per lo sviluppo occupazionale nel Mezzogiorno e alle nuove tecnologie,Economy|bonus donne|bonus giovani|Breaking News|Dl Milleproroghe|manovra,StartupItalia,2026-01-16T20:02:26.605121+00:00
https://startupitalia.eu/?p=672832,https://startupitalia.eu/lifestyle/stranger-things-scene-tagliate/,"Fri, 02 Jan 2026 07:39:20 +0000",Cosa sappiamo sulle presunte scene tagliate in Stranger Things? Su Change.org la petizione dei fan più arrabbiati,"No spoiler, tranquilli...",Lifestyle|Breaking News|netflix|stranger things|streaming,StartupItalia,2026-01-16T20:02:26.605264+00:00
https://startupitalia.eu/?p=672737,https://startupitalia.eu/economy/pnrr-tutte-le-opere-finanziate-nona-rata/,"Fri, 02 Jan 2026 05:00:00 +0000","PNRR, il 2026 si apre con la richiesta italiana della nova rata: ecco come saranno spesi i circa 13 miliardi","Roma ha appena incassato i 12,8 miliardi dell'ottava rata del piano d'aiuti europeo post pandemico e ha avanzato l'istanza per ottenere la penultima",Economy|Breaking News|PNRR,StartupItalia,2026-01-16T20:02:26.605397+00:00
https://startupitalia.eu/?p=672038,https://startupitalia.eu/economy/btp-asta-primo-trimestre-2026/,"Fri, 02 Jan 2026 04:33:00 +0000","BTP, le aste del 2026. Ecco cosa ci attende nel primo trimestre dell’anno. Servono almeno 38 miliardi","Da via XX Settembre fanno sapere che le emissioni complessive saranno ""determinate dal nuovo fabbisogno del settore statale dell'anno che dovrebbe attestarsi intorno ai 125 miliardi di euro""",Economy|Breaking News|btp|btp più|Btp Valore,StartupItalia,2026-01-16T20:02:26.605538+00:00
https://startupitalia.eu/?p=672765,https://startupitalia.eu/startup/sios25-winter-consigli-per-startup/,"Fri, 02 Jan 2026 04:00:00 +0000",Rivivi SIOS25 Winter | Consigli per startup: come fare impresa nel 2025? [VIDEO],"Sul palco dello StartupItalia Open Summit a palazzo Mezzanotte, Paolo Barberis, founder di Dada e Nana Bianca; Paolo de Nadai, founder di WeRoad e Luca Cozzarini, co-founder e CEO di BRUM",Startup|Barberis|Cozzarini|De Nadai|SIOS25|SIOS25 Winter|terzauscita,StartupItalia,2026-01-16T20:02:26.605692+00:00
https://startupitalia.eu/?p=671482,https://startupitalia.eu/tech/il-2026-del-tech-parte-al-ces-di-las-vegas-gli-eventi-imperdibili-dedicati-a-startup-e-innovazione-in-italia-e-nel-mondo/,"Fri, 02 Jan 2026 02:30:00 +0000",Il 2026 del tech parte al CES di Las Vegas. Gli eventi imperdibili dedicati a startup e innovazione in Italia e nel mondo,Torna la nostra rubrica l'Agenda del Futuro con cui elenchiamo gli appuntamenti più interessanti anche grazie alle vostre segnalazioni. Tra pochi giorni nella città del Nevada il Consumer Electronics Show darà il via a un altro anno dedicato alla tecnologia,Tech|Agenda del Futuro|ces|secondauscita,StartupItalia,2026-01-16T20:02:26.605839+00:00
https://startupitalia.eu/?p=672200,https://startupitalia.eu/tech/dieci-italiani-dellaltro-mondo-da-tenere-docchio-nel-2026/,"Fri, 02 Jan 2026 01:51:00 +0000","Che anno sarà? 10 italiani dell’altro mondo da tenere d’occhio nel 2026 tra salute, fintech e intelligenza artificiale",Dall’Italia al resto del mondo nel segno dell’innovazione. Nel primo venerdì del nuovo anno in redazione abbiamo selezionato una rosa di talenti nostrani che lavorano all’estero e che meritano di essere seguiti. Sono già leader nel proprio settore o hanno fondato realtà in crescita su mercati competitivi. Sali a bordo e inizia il viaggio insieme a noi,Tech|Cover Story|fintech|Italiani dell'altro mondo|medicina|Spazio,StartupItalia,2026-01-16T20:02:26.605993+00:00
https://startupitalia.eu/?p=672699,https://startupitalia.eu/lifestyle/roaming-ue-primo-gennaio-2026/,"Thu, 01 Jan 2026 03:00:00 +0000","Roaming Like at Home, ecco le nuove regole Ue su tariffe e giga Internet quando si viaggia in Europa","Novità positive per chi viaggia all'interno della Ue estese per la prima volta anche a Moldavia e Ucraina. Verrà invece escluso il Regno Unito che, dopo la Brexit, non rientra più nella normativa europea",Lifestyle|Austria|belgio|Breaking News|Bulgaria|cipro|Croazia|danimarca|Estonia|finlandia|francia|germania|Grecia|Guyana francese|irlanda|Islanda|Lettonia|Liechtenstein|Lituania|lussemburgo|malta|Mayotte|Moldavia|Norvegia|Paesi Bassi|polonia|portogallo|Repubblica Ceca|Réunion|roaming|Romania|slovacchia|slovenia|spagna|svezia|tariffe roaming|ucraina|Ungheria,StartupItalia,2026-01-16T20:02:26.606290+00:00
https://startupitalia.eu/?p=672759,https://startupitalia.eu/startup/startupitalia-10-anni-ten-years/,"Wed, 31 Dec 2025 12:16:47 +0000","Rivivi SIOS25 Winter | Ten Years of StartupItalia, l’ultimo decennio raccontato da chi fa innovazione [VIDEO]","La crescita, i nuovi obiettivi e traguardi di chi ha vinto le scorse edizioni del nostro StartupItalia Open Summit negli ultimi dieci anni",Startup|rivivi SIOS|SIOS25|SIOS25 Winter|ten years of,StartupItalia,2026-01-16T20:02:26.606439+00:00
https://startupitalia.eu/?p=672746,https://startupitalia.eu/tech/danimarca-cassette-postali-addio-postnord/,"Wed, 31 Dec 2025 09:40:19 +0000",La Danimarca dice addio alle lettere cartacee. Le storiche cabine rosse postali adesso sono in vendita,"PostNord ha annunciato la sospensione dei servizi mantenendo soltanto quelli di consegna e ricezione pacchi, il licenziamento di 1500 impiegati e la messa in vendita dell'iconica cassetta postale",Tech|Breaking News|cassette postali|PostNord,StartupItalia,2026-01-16T20:02:26.606583+00:00
https://startupitalia.eu/?p=672739,https://startupitalia.eu/economy/a33-asti-cuneo-costi-totali-dopo-34-anni/,"Wed, 31 Dec 2025 08:30:26 +0000",Completata (finalmente) la A33 Asti-Cuneo: sarebbe dovuta costare 340 milioni e invece…,"Dopo 34 anni l'eterna incompiuta del Nord Ovest che con il suo troncone rimasto a lungo sospeso a metà sulle campagne di Cherasco è stato emblema di ciò che non funziona nel nostro Paese è finalmente operativa. E i costi, nemmeno a dirlo, sono schizzati alle stelle...",Economy|Alberto Cirio|Anas|autostrade|Breaking News|piemonte,StartupItalia,2026-01-16T20:02:26.606736+00:00
https://startupitalia.eu/?p=672637,https://startupitalia.eu/tech/pos-terminali-pagamenti-digitali/,"Wed, 31 Dec 2025 05:01:00 +0000",L’obbligo di collegamento tra i terminali POS e i registratori telematici scatterà dal primo gennaio. Le cose da sapere,"La normativa entrerà in vigore a inizio anno, ma gli esercenti dovranno attendere marzo 2026 per procedere all’adeguamento",Tech|Breaking News|contante|Pos,StartupItalia,2026-01-16T20:02:26.606886+00:00
https://startupitalia.eu/?p=672649,https://startupitalia.eu/startup/round-2025-startup-12-miliardi-investiti/,"Wed, 31 Dec 2025 04:17:00 +0000","That’s Round, oltre 1,2 miliardi di euro investiti nell’ecosistema. Le ultime operazioni del 2025","Dal fintech al biotech fino al medtech, ecco i deal che hanno caratterizzato le scorse settimane. Il totale raccolto non cambia lo scenario fotografato e raccontato sul palco di SIOS25 a Palazzo Mezzanotte il 17 dicembre scorso",Startup|finanziamenti|paper|round|SIOS25|SIOS25 Winter|startup|terzauscita,StartupItalia,2026-01-16T20:02:26.607044+00:00
https://startupitalia.eu/?p=672544,https://startupitalia.eu/economy/cenone-capodanno-spese-italia-giro-affari/,"Wed, 31 Dec 2025 02:52:00 +0000",La crisi economica divora oltre un quarto del Cenone del 31. Ma la spesa resta miliardaria trainata dal Sud,"A spendere di più i 55-64enni e i residenti del Sud e della Isole, sotto la media nazionale i 25-34enni e gli abitanti del Nord Italia",Economy|Breaking News|capodanno|cenone,StartupItalia,2026-01-16T20:02:26.607184+00:00
https://startupitalia.eu/?p=672704,https://startupitalia.eu/tech/device/tablet-doogee-tab-g6-max-recensione/,"Tue, 30 Dec 2025 16:16:24 +0000","Doogee Tab G6 Max, il tablet con Android 16 al prezzo più interessante sul mercato?",Il costruttore cinese propone un device completo e con tanta tecnologia di bordo che pare perfetto sia per il lavoro sia per lo svago. Ecco cosa ne pensiamo,Device|device|doogee|Idee regalo|tablet|tablet doogee,StartupItalia,2026-01-16T20:02:26.607331+00:00
https://startupitalia.eu/?p=672641,https://startupitalia.eu/tech/marketing-intelligenza-artificiale/,"Tue, 30 Dec 2025 11:37:33 +0000","Rivivi SIO25 Winter | Marketing e intelligenza artificiale, come prepararsi al futuro? [VIDEO]","«Oggi diventa sempre più complesso capire il domani che ci attende», ha commentato Paolo Barberis, founder di Nana Bianca e Dada, sul palco di SIOS25 Winter a palazzo Mezzanotte",Tech|Assolo|Barberis paolo|SIOS25|SIOS25 Winter,StartupItalia,2026-01-16T20:02:26.607473+00:00
https://startupitalia.eu/?p=672632,https://startupitalia.eu/tech/meta-manus-startup-ai-singapore-sede/,"Tue, 30 Dec 2025 10:38:13 +0000",La longa Manus di Meta agguanta una nuova startup dell’Intelligenza artificiale. I dettagli dell’acquisizione,"L’operazione, dal valore di due miliardi di dollari, conferma la strategia di Zuckerberg di accelerare sull’AI agentica",Tech|Breaking News|manus|meta,StartupItalia,2026-01-16T20:02:26.607610+00:00
https://startupitalia.eu/?p=672617,https://startupitalia.eu/economy/btp-valore-piu-italia-emissioni-2026/,"Tue, 30 Dec 2025 08:37:30 +0000","BTP Valore, Più e Italia: li vedremo ancora nel 2026? Qualche riflessione e cosa dice il MEF",Il MEF ha chiarito che ricorrerà ancora ai titoli di Stato pensati per i piccoli risparmiatori. I rendimenti rischiano di essere meno attraenti nel 2026: si andrà perciò verso un aumento della longevità dei BTP per far crescere il numero degli scaglioni del meccanismo step up?,Economy|Breaking News|btp|BTP Italia|btp più|Btp Valore,StartupItalia,2026-01-16T20:02:26.607763+00:00
https://startupitalia.eu/?p=672615,https://startupitalia.eu/economy/pedaggi-autostrade-rincari-2026/,"Tue, 30 Dec 2025 06:43:18 +0000",Sulle Autostrade italiane nel 2026 correranno i rincari dei pedaggi (nonostante le promesse di Salvini),"Brutte notizie in vista del controesodo dell'Epifania, con aumenti del pedaggio autostradale dell'1,5% già a partire dal 1° gennaio 2026. Salvini alza bandiera bianca: aveva detto e ripetuto che non ci sarebbero stati",Economy|autostrade|Breaking News|Matteo Salvini|pedaggi autostradali,StartupItalia,2026-01-16T20:02:26.607912+00:00
https://startupitalia.eu/?p=672224,https://startupitalia.eu/startup/100-fuoriclasse-innovatrici-e-innovatori/,"Tue, 30 Dec 2025 04:12:00 +0000","La carica dei fuoriclasse, 100 innovatrici e innovatori che hanno lasciato il segno nel 2025 (e lo faranno nel 2026)","In un anno complesso per gli assetti globali e per le ricadute locali c’è chi ha continuato a fare la differenza accendendo startup, mettendo a sistema competenze e tecnologie, sfidando lo status quo. Naviga la nuova lista con i protagonisti dell’innovazione secondo noi. Startupper, manager, accademici, attivisti, visionari. Insomma, persone in grado di cambiare il mondo",Startup|100 innovatori|100 innovatrici|Cover Story|fuoriclasse 2025|startupitalia,StartupItalia,2026-01-16T20:02:26.608057+00:00
https://startupitalia.eu/?p=672600,https://startupitalia.eu/startup/fuoriclasse-100-innovatori-perseveranza/,"Tue, 30 Dec 2025 04:11:00 +0000",La formula vincente dei fuoriclasse? Faticare. Elogio della perseveranza. Perché per i migliori è vietato improvvisare,"C’è un tratto comune che lega i 100 fuoriclasse dell’innovazione e che vale più del networking, delle mode tecnologiche e persino del capitale. La preparazione. Allenamento lungo, ostinato, talvolta invisibile ma essenziale. Non c’è nulla di improvvisato nei percorsi che funzionano. C’è metodo, c’è disciplina. L’innovazione è un lavoro quotidiano, spesso scomodo, quasi sempre imperfetto. Così la fatica si trasforma in valore, il tempo in competenza, la ripetizione in affidabilità",Startup|100 innovatori|fuoriclasse|perseveranza|secondauscita,StartupItalia,2026-01-16T20:02:26.608222+00:00
https://startupitalia.eu/?p=670707,https://startupitalia.eu/lifestyle/giro-affari-vini-spumanti-italiani/,"Tue, 30 Dec 2025 03:44:00 +0000","Bollicine d’oro: ecco quanto vale il settore vinicolo italiano, trainato dagli spumanti","Il segmento degli spumanti prevede un incremento del +4,4% nei ricavi complessivi e un notevole +6,1% nell'export",Lifestyle|Breaking News|spumante|vini,StartupItalia,2026-01-16T20:02:26.608369+00:00
https://startupitalia.eu/?p=671070,https://startupitalia.eu/lifestyle/ultimogiorno-friends-bigbangtheory-netflix/,"Tue, 30 Dec 2025 01:30:00 +0000",Ultimo giorno di Friends e Big Bang Theory su Netflix: dove guardare le due serie TV?,Il colosso dello streaming non ha rinnovato le licenze per due delle serie più amate dal grande pubblico. Ma c'è ancora una possibilità per guardarle,Lifestyle|Breaking News|Friends|netflix|the big bang theory,StartupItalia,2026-01-16T20:02:26.608520+00:00
https://startupitalia.eu/?p=670901,https://startupitalia.eu/tech/cybersecurity/cybersecurity-tendenze-2026/,"Tue, 30 Dec 2025 00:19:00 +0000","Prompt injection, gestione delle identità AI e boom vulnerabilità zero-day: i temi caldi della cybersecurity nel 2026",Nel corso del nuovo anno hacker e difensori useranno in maniera sempre più massiccia l'Intelligenza artificiale,Cybersecurity|Breaking News|crowdstrike|hacker,StartupItalia,2026-01-16T20:02:26.608671+00:00
https://startupitalia.eu/?p=670896,https://startupitalia.eu/impact/spreco-alimentare-italia-dati-feste/,"Tue, 30 Dec 2025 00:12:00 +0000","Festeggiare, ma non sprecare: i bagordi fanno bene all’economia, buttare via il cibo no. Numeri e dati","Lo spreco medio settimanale pro capite è pari a 555,8 grammi in Italia, contro 512,9 grammi in Germania, 469,6 nei Paesi Bassi, 459,9 in Francia e 446,5 in Spagna",Impact|Breaking News|spreco alimentare,StartupItalia,2026-01-16T20:02:26.608816+00:00
https://startupitalia.eu/?p=671961,https://startupitalia.eu/impact/green-economy/eloiann-award-open-fiber/,"Mon, 29 Dec 2025 17:24:30 +0000",Dal “forse” al numero: la climate tech di Eoliann che rende misurabile il rischio,La startup climate tech ha ricevuto lo Special Award Open Fiber a SIOS 2025 Winter: dati satellitari e AI per quantificare i rischi e proteggere le infrastrutture,Green Economy|award|Eoliann|Open Fiber|sios|SIOS25|SIOS25 Winter|Special Award Open Fiber,StartupItalia,2026-01-16T20:02:26.609002+00:00
https://startupitalia.eu/?p=672583,https://startupitalia.eu/startup/open-innovation-e-morta-alberto-onetti/,"Mon, 29 Dec 2025 16:37:23 +0000",Il bivio esistenziale dell’open innovation per Alberto Onetti: guidare la strategia o condannarsi all’irrilevanza,"L’open innovation non è morta, ma ha smesso di essere una promessa. Secondo la ricerca condotta da Mind the Bridge siamo ad un bivio: diventare motore centrale delle scelte strategiche oppure perdere rilevanza, budget e potere trasformativo. Nel guest post di Alberto Onetti, chairman di Mind the Bridge e professore all’Università dell’Insubria, emerge una sfida chiave: integrare davvero innovazione, R&D e governance prima che sia troppo tardi",Startup|alberto onetti|firme dal furuto|open innovation|quartauscita,StartupItalia,2026-01-16T20:02:26.609149+00:00
https://startupitalia.eu/?p=672507,https://startupitalia.eu/startup/startup-e-controllo-dei-costi-cosa-fare/,"Mon, 29 Dec 2025 12:08:38 +0000",Startup e controllo dei costi: strategie per ottimizzare le spese e accelerare il percorso verso il breakeven,"Promuovere fin dall'inizio una cultura della disciplina finanziaria, senza sacrificare la velocità e l'innovazione rappresenta uno dei fattori chiave che distingue le startup destinate a crescere da quelle che esauriscono prematuramente le risorse. Una rapida guida",Startup|controllo costi|startup,StartupItalia,2026-01-16T20:02:26.609281+00:00
